ID,Length,GC_count,GC%,Status
seq1,36,19,"(52.77777777777778, 2)",SELECTED
seq2,51,28,"(54.90196078431373, 2)",SELECTED
seq3,56,31,"(55.35714285714286, 2)",SELECTED
seq4,66,37,"(56.060606060606055, 2)",SELECTED
seq5,45,22,"(48.888888888888886, 2)",SELECTED
